基因	外显子	核苷酸变异	氨基酸变异	丰度
ARID1A	exon9	c.2879-1G>A	p.?	17.54%
NRAS	exon2	c.35G>A	p.G12D	21.25%
NTRK1	exon7	c.792G>A	p.T264T	40.63%
BARD1	exon4	c.462C>T	p.V154V	30.35%
MLH1	exon1	c.104_105insAA	p.M35fs	42.90%
PDGFRA	exon23	c.3230G>A	p.G1077D	39.27%
KIT	exon11	c.1670G>C	p.W557S	16.55%
APC	exon16	c.2805C>G	p.Y935*	42.45%
EGFR	exon20	c.2303_2305delGCGinsTCT	p.SV768IL	12.80%
RET	exon11	c.1892_1898delACGAGCT	p.D631fs	26.23%
FGFR2	exon18	c.2416G>A	p.E806K	35.75%
MRE11A	exon7	c.626C>T	p.S209F	10.72%
ATM	exon8	c.946T>C	p.Y316H	28.12%
CDKN1B	exon1	c.279_280insT	p.P94fs	14.14%
FLT3	exon20	c.2503_2504delGAinsTT	p.D835F	48.43%
BRCA2	exon11	c.4131_4132insTGAGGA	p.N1377_T1378ins*G	46.65%
TSC2	exon42	c.5371G>A	p.G1791S	45.71%
GRIN2A	exon13	c.3597G>C	p.P1199P	44.75%
FANCA	exon42	c.4232C>T	p.P1411L	26.42%
TP53	exon9	c.949C>T	p.Q317*	11.53%
BRIP1	exon17	c.2492G>A	p.R831K	24.39%
STK11	exon1	c.256C>G	p.R86G	10.52%
EGFR+CDK6	FUSION	#<#	#<#	30.40%
MSH4	CNV_gain	#<#	#<#	8
AXIN1	CNV_gain	#<#	#<#	7